song_name,song_popularity,song_duration_ms,acousticness,danceability,energy,instrumentalness,key,liveness,loudness,audio_mode,speechiness,tempo,time_signature,audio_valence
Boulevard of Broken Dreams,73,262333,0.005520000000000001,0.496,0.682,2.94e-05,8,0.0589,-4.095,1,0.0294,167.06,4,0.474
In The End,66,216933,0.0103,0.542,0.853,0.0,3,0.10800000000000001,-6.407,0,0.0498,105.256,4,0.37
Seven Nation Army,76,231733,0.00817,0.737,0.46299999999999997,0.447,0,0.255,-7.827999999999999,1,0.0792,123.881,4,0.324
By The Way,74,216933,0.0264,0.451,0.97,0.00355,0,0.102,-4.938,1,0.107,122.444,4,0.198
How You Remind Me,56,223826,0.0009539999999999999,0.447,0.7659999999999999,0.0,10,0.113,-5.065,1,0.0313,172.011,4,0.574
Bring Me To Life,80,235893,0.00895,0.316,0.945,1.85e-06,4,0.396,-3.1689999999999996,0,0.124,189.93099999999998,4,0.32
Last Resort,81,199893,0.000504,0.581,0.887,0.0011099999999999999,4,0.268,-3.659,0,0.0624,90.57799999999999,4,0.7240000000000001
Are You Gonna Be My Girl,76,213800,0.00148,0.613,0.953,0.000582,2,0.152,-3.435,1,0.0855,105.046,4,0.537
Mr. Brightside,80,222586,0.00108,0.33,0.9359999999999999,0.0,1,0.0926,-3.66,1,0.0917,148.112,4,0.23399999999999999
Sex on Fire,81,203346,0.00172,0.542,0.905,0.0104,9,0.136,-5.653,1,0.054000000000000006,153.398,4,0.374
The Middle,78,168253,0.0424,0.629,0.897,0.0,2,0.263,-3.4010000000000002,1,0.0483,161.944,4,0.93
Numb,63,185586,0.0046,0.496,0.863,0.0,9,0.639,-4.1530000000000005,1,0.0381,110.01799999999999,4,0.243
Smooth Criminal,75,209266,0.00434,0.647,0.9640000000000001,0.0036,9,0.15,-4.225,0,0.06,126.94200000000001,4,0.875
Can't Stop,81,269000,0.0179,0.618,0.938,0.0,9,0.16699999999999998,-3.4419999999999997,1,0.0456,91.455,4,0.875
Chop Suey!,69,210240,0.00035299999999999996,0.42,0.929,0.0007469999999999999,7,0.122,-3.8989999999999996,0,0.121,127.204,4,0.3
Take Me Out,77,237026,0.00042300000000000004,0.278,0.6759999999999999,0.0008990000000000001,9,0.136,-8.821,1,0.0371,104.545,4,0.494
I Miss You,71,227240,0.0013599999999999999,0.659,0.778,6.79e-06,11,0.0841,-6.422999999999999,1,0.0379,110.022,4,0.623
Best of You,62,256600,0.00701,0.37,0.9440000000000001,2.8999999999999998e-06,1,0.135,-4.979,0,0.0767,130.315,4,0.345
I Write Sins Not Tragedies,77,187613,0.0938,0.5670000000000001,0.795,0.0,9,0.114,-4.985,0,0.134,170.06,4,0.635
Kryptonite,79,233933,0.006640000000000001,0.545,0.865,1.12e-05,11,0.168,-5.707999999999999,0,0.0286,99.01,4,0.5429999999999999
The Kill (Bury Me),69,231533,0.0014,0.309,0.912,0.000271,4,0.5820000000000001,-3.8810000000000002,0,0.0646,183.035,3,0.302
Use Somebody,79,230760,0.005520000000000001,0.276,0.715,0.000417,0,0.201,-5.356,1,0.0432,137.028,4,0.17300000000000001
No One Knows,13,255066,0.0137,0.518,0.5379999999999999,0.000398,0,0.141,-5.818,1,0.0486,170.953,4,0.687
Jerk It Out,62,195666,0.0171,0.58,0.981,1.07e-05,8,0.386,-2.603,0,0.06,134.007,4,0.861
Uprising,77,304840,0.000202,0.602,0.905,0.064,2,0.11699999999999999,-4.046,1,0.0775,128.019,4,0.41100000000000003
Hey There Delilah,79,232533,0.872,0.657,0.29100000000000004,0.0,2,0.114,-10.572000000000001,1,0.0293,103.973,4,0.298
Blurry,28,303920,0.0102,0.44,0.932,0.0,3,0.142,-4.488,0,0.0584,157.438,4,0.495
American Idiot,78,176346,2.64e-05,0.38,0.988,7.859999999999999e-05,1,0.368,-2.042,1,0.0639,186.113,4,0.769
Welcome to the Black Parade,77,311106,0.00028900000000000003,0.217,0.905,0.00011,2,0.222,-4.103,1,0.0752,96.95,4,0.23600000000000002
Gives You Hell,71,213106,0.0156,0.7140000000000001,0.725,0.0,4,0.0726,-6.4110000000000005,1,0.0402,99.988,4,0.59
All My Life,11,262733,0.000194,0.5820000000000001,0.597,0.000273,5,0.517,-5.671,1,0.0512,167.738,4,0.674
Like a Stone,77,293960,0.00797,0.614,0.568,0.0,7,0.0997,-5.477,0,0.0276,107.84899999999999,4,0.516
It's Been Awhile,65,264706,0.0018899999999999998,0.509,0.774,0.000549,6,0.14300000000000002,-4.053999999999999,1,0.0338,116.529,4,0.0824
I Hate Everything About You,75,231480,0.00461,0.498,0.83,0.0,6,0.139,-5.157,0,0.0421,89.34200000000001,4,0.45299999999999996
Rollin' (Air Raid Vehicle),74,213760,0.00506,0.599,0.932,0.0,9,0.26899999999999996,-3.3280000000000003,1,0.18,96.234,4,0.6920000000000001
Fat Lip,74,178266,0.000618,0.574,0.9109999999999999,0.0,9,0.0769,-5.176,1,0.0715,98.075,4,0.573
The Pretender,11,269373,0.000917,0.433,0.9590000000000001,0.0,9,0.027999999999999997,-4.04,1,0.0431,172.984,4,0.365
Savior,73,242280,0.00164,0.5489999999999999,0.93,6.670000000000001e-05,5,0.39,-3.468,0,0.0487,112.447,4,0.526
Bodies,74,201960,0.0034700000000000004,0.6559999999999999,0.932,0.00147,4,0.14400000000000002,-3.405,0,0.0708,130.936,4,0.544
"Sugar, We're Goin Down",79,229093,0.00898,0.499,0.8240000000000001,0.0,7,0.163,-4.7410000000000005,1,0.0794,161.977,4,0.6990000000000001
Last Nite,70,193373,0.0223,0.624,0.899,0.000155,0,0.0975,-5.71,1,0.0295,104.055,4,0.797
Through Glass,60,282946,0.0417,0.545,0.753,0.0,3,0.389,-4.618,0,0.036000000000000004,105.75399999999999,4,0.434
The Diary of Jane - Single Version,69,200546,5.5299999999999996e-05,0.374,0.961,0.0834,10,0.138,-4.421,0,0.0851,167.032,4,0.35700000000000004
Down With the Sickness,73,279213,0.0009960000000000001,0.695,0.8759999999999999,6.89e-06,3,0.106,-4.262,0,0.0553,89.954,4,0.941
Wish You Were Here,62,212733,0.0006309999999999999,0.24600000000000002,0.768,0.301,9,0.102,-7.48,1,0.0387,169.873,4,0.35
Youth Of The Nation,72,256240,0.00834,0.563,0.86,0.0106,8,0.39,-7.5329999999999995,1,0.0621,97.867,4,0.517
Vertigo,57,194520,0.000153,0.391,0.831,0.0019199999999999998,2,0.141,-3.892,1,0.0613,139.946,4,0.6829999999999999
Miss Murder,71,206586,0.000213,0.309,0.875,0.00168,1,0.113,-4.49,1,0.0488,143.526,4,0.725
I Bet You Look Good On The Dancefloor,63,173680,0.00225,0.535,0.948,0.0,6,0.376,-4.19,0,0.0356,103.18299999999999,4,0.778
"Steady, As She Goes",64,215266,0.0132,0.524,0.578,0.00921,9,0.10800000000000001,-4.563,1,0.12,123.669,4,0.537
Falling Away from Me,71,270920,0.00014,0.46799999999999997,0.769,0.00124,4,0.271,-7.0360000000000005,1,0.040999999999999995,104.102,4,0.17
Crawling In The Dark,61,175026,0.000295,0.5920000000000001,0.932,7.59e-05,6,0.138,-4.4910000000000005,0,0.0885,93.675,4,0.698
I Stand Alone,67,246040,4.7799999999999996e-05,0.213,0.93,0.0,0,0.126,-4.478,1,0.0671,169.22099999999998,4,0.386
Woman,63,176306,5.1e-05,0.21899999999999997,0.9520000000000001,0.0989,2,0.157,-3.6210000000000004,1,0.17600000000000002,112.88600000000001,1,0.172
Show Me How to Live,72,277840,0.000336,0.433,0.8540000000000001,0.000177,9,0.162,-3.8680000000000003,1,0.0483,89.4,4,0.368
The Red,71,238400,0.000671,0.509,0.843,0.0008029999999999999,1,0.348,-3.318,0,0.0488,140.055,3,0.332
Remedy,70,207213,0.00018,0.546,0.9590000000000001,0.00144,8,0.0584,-4.664,1,0.08199999999999999,127.831,4,0.41600000000000004
Plug In Baby,65,218000,6.94e-06,0.408,0.965,0.00040199999999999996,2,0.11,-4.232,1,0.05,136.018,4,0.349
Change (In the House of Flies) - In The House Of Flies LP Version,69,299533,0.00024900000000000004,0.26899999999999996,0.853,0.000246,7,0.11800000000000001,-4.647,0,0.0854,141.58100000000002,4,0.179
Judith,66,247266,3.32e-05,0.365,0.894,0.171,11,0.267,-4.6819999999999995,0,0.0572,82.305,3,0.31
MIA (feat. Drake),94,210367,0.0143,0.818,0.54,0.000512,6,0.099,-6.35,0,0.0544,97.064,4,0.174
"Taki Taki (with Selena Gomez, Ozuna & Cardi B)",98,212500,0.153,0.841,0.7979999999999999,3.33e-06,1,0.0618,-4.206,0,0.22899999999999998,95.948,4,0.591
White Boi,59,185282,0.0983,0.83,0.49700000000000005,0.0,1,0.0906,-6.94,1,0.052000000000000005,127.965,4,0.634
Just Wanna Love You (feat. J. Balvin),73,199230,0.0557,0.687,0.7659999999999999,0.00107,11,0.146,-6.08,1,0.054000000000000006,94.973,4,0.303
Beautiful (feat. Camila Cabello),94,180000,0.34600000000000003,0.638,0.7170000000000001,0.0,2,0.105,-4.7219999999999995,1,0.0337,100.027,4,0.249
Celoso,87,179693,0.35200000000000004,0.746,0.703,0.0,4,0.331,-4.178999999999999,0,0.107,166.043,4,0.667
Good Vibes,73,235720,0.0348,0.823,0.63,6.72e-06,7,0.0964,-3.932,1,0.0797,100.04,4,0.184
Real Friends,85,223583,0.235,0.701,0.512,5.07e-06,0,0.135,-6.869,0,0.0969,91.947,4,0.6629999999999999
Pa La Calle,61,243487,0.11699999999999999,0.695,0.884,0.0,0,0.10400000000000001,-6.279,1,0.131,74.992,4,0.8540000000000001
Pa Mí,58,210865,0.716,0.722,0.584,0.000321,11,0.115,-8.467,0,0.318,169.97799999999998,4,0.6459999999999999
Wake Up in the Sky,92,204664,0.00381,0.8,0.578,0.0,4,0.359,-5.144,0,0.0485,143.01,4,0.36700000000000005
Está Rico,83,215151,0.266,0.8170000000000001,0.74,0.0,11,0.0992,-4.566,0,0.28300000000000003,130.04,4,0.674
Banana Clip - Spanish Version,57,202373,0.107,0.39799999999999996,0.66,0.0,1,0.121,-5.626,0,0.12,83.82799999999999,4,0.7190000000000001
YAKWTFGO (feat. Kali Uchis),44,162733,0.0039700000000000004,0.812,0.748,0.0,5,0.174,-5.959,0,0.139,132.035,4,0.158
Come With Me,47,157461,0.0526,0.659,0.7340000000000001,2.48e-06,10,0.242,-4.008,1,0.046,161.971,4,0.34600000000000003
Como Si Na,54,170997,0.23199999999999998,0.705,0.778,0.0,9,0.244,-4.101,0,0.177,160.099,4,0.7090000000000001
Blah,47,188440,0.0255,0.723,0.687,0.000207,11,0.124,-4.632,0,0.2,173.747,4,0.777
Love N Hennessy REMIX (feat. 2 Chainz & Nicky Jam),64,253714,0.0257,0.9279999999999999,0.402,0.0,8,0.0804,-7.569,0,0.451,139.998,4,0.62
Mi Infinita,56,272000,0.902,0.465,0.675,0.267,10,0.11,-7.555,1,0.0485,119.941,4,0.129
Coqueta,49,174000,0.5710000000000001,0.632,0.652,0.85,4,0.19399999999999998,-10.558,1,0.0302,115.031,4,0.594
Sola,65,209573,0.9209999999999999,0.47100000000000003,0.179,0.0,9,0.10099999999999999,-10.273,1,0.08900000000000001,174.273,4,0.19399999999999998
Nuestro Planeta (feat. Reykon),52,202754,0.0857,0.871,0.545,0.000499,0,0.0756,-6.466,0,0.0625,96.035,4,0.415
Hijo de Su Madre,61,178009,0.0646,0.8290000000000001,0.606,0.391,5,0.281,-7.093,1,0.149,118.051,4,0.732
Lento,65,169251,0.149,0.8370000000000001,0.649,7.63e-05,11,0.10300000000000001,-5.26,0,0.192,164.002,4,0.948
Dicen,77,220826,0.13699999999999998,0.8170000000000001,0.635,7.85e-06,5,0.245,-5.718999999999999,0,0.138,103.029,4,0.777
BEBE,95,217822,0.172,0.635,0.902,0.0,0,0.125,-3.5589999999999997,1,0.109,102.06299999999999,4,0.28600000000000003
I Like It,95,253390,0.099,0.816,0.726,0.0,5,0.37200000000000005,-3.998,0,0.129,136.048,4,0.65
Zooted (feat. French Montana & Farruko),74,217652,0.267,0.815,0.626,1.31e-05,6,0.275,-5.138999999999999,1,0.10300000000000001,109.98899999999999,4,0.5710000000000001
Havana - Remix,77,199095,0.39799999999999996,0.7509999999999999,0.579,2.2800000000000002e-05,2,0.133,-4.0360000000000005,1,0.0321,105.031,4,0.349
Pum Pum,45,185743,0.0749,0.736,0.9059999999999999,0.000123,4,0.12,-1.49,0,0.0566,93.01299999999999,4,0.611
Quiero Saber,52,166253,0.00245,0.695,0.818,3.36e-06,6,0.305,-5.532,0,0.0482,102.976,4,0.599
Como,38,234373,0.00323,0.5429999999999999,0.847,0.0,9,0.0551,-3.574,1,0.0659,92.046,4,0.65
Anywhere Contigo,46,193846,0.271,0.841,0.841,2.6000000000000002e-05,9,0.10800000000000001,-4.288,1,0.0633,104.01,4,0.823
No Gratis,44,208800,0.425,0.777,0.546,0.0,7,0.0809,-9.504,1,0.207,147.173,4,0.9520000000000001
Díganle - Tainy Remix,75,211437,0.102,0.84,0.789,0.0,1,0.309,-4.695,0,0.0949,92.01799999999999,4,0.619
Sangria Wine,75,202853,0.18100000000000002,0.831,0.713,0.0,1,0.0572,-3.6460000000000004,0,0.094,132.109,4,0.69
All Day,45,198386,0.0797,0.825,0.48100000000000004,0.0,2,0.239,-8.6,1,0.0396,121.046,4,0.7609999999999999
Just As I Am,53,224413,0.235,0.682,0.7509999999999999,0.0,8,0.11,-5.812,0,0.0675,129.937,4,0.708
Nice & Slow,38,218448,0.006940000000000001,0.799,0.616,0.00237,5,0.28300000000000003,-4.599,0,0.0415,127.023,4,0.6970000000000001
Scooby Doo Pa Pa (Remix),60,176702,0.196,0.9209999999999999,0.965,0.00020099999999999998,1,0.32299999999999995,-1.396,1,0.17800000000000002,120.902,4,0.507
Don't Werk,39,133120,0.10800000000000001,0.703,0.617,5.610000000000001e-05,7,0.271,-8.732000000000001,1,0.0731,123.15899999999999,4,0.435
"1, 2, 3 (feat. Jason Derulo & De La Ghetto)",88,201526,0.165,0.792,0.895,0.0,1,0.0501,-3.112,0,0.0589,94.96799999999999,4,0.794
Pa Mi (with Ozuna),77,216689,0.0983,0.596,0.557,0.0,1,0.0565,-7.522,0,0.134,133.247,5,0.6609999999999999
Lo Siento,68,226183,0.0705,0.746,0.738,0.0,9,0.043,-3.67,1,0.207,94.80799999999999,4,0.63
Nuestra Cancion Pt. 2 (feat. Arcángel),46,215003,0.0079,0.493,0.825,0.0,8,0.129,-4.056,1,0.0798,99.866,4,0.621
La Hora Loca,44,175239,0.0429,0.836,0.725,0.0,7,0.10800000000000001,-5.445,0,0.0571,126.035,4,0.76
Dinero - English Version,37,161093,0.00436,0.701,0.779,0.0,11,0.121,-4.657,0,0.0647,119.97399999999999,4,0.451
Pum Pum (feat. Kap G & Play-N-Skillz),53,182224,0.149,0.871,0.563,0.0,10,0.0568,-8.329,0,0.0795,91.99799999999999,4,0.62
Hora Loca,65,215421,0.0507,0.65,0.8009999999999999,0.0,7,0.0645,-5.407,0,0.0723,166.16,4,0.74
Better With You,68,196018,0.265,0.784,0.43700000000000006,6.979999999999999e-05,5,0.126,-7.867999999999999,1,0.0509,90.00299999999999,4,0.47
NIGHTS LIKE THESE,59,204453,0.133,0.494,0.7290000000000001,0.0,2,0.14300000000000002,-4.934,1,0.161,78.833,4,0.42100000000000004
Alright,43,229038,0.0199,0.561,0.58,0.0,5,0.0619,-5.612,1,0.0414,84.98,4,0.294
Insecure,53,191906,0.369,0.483,0.685,0.0,10,0.0817,-3.2319999999999998,0,0.174,185.502,4,0.546
Si Una Vez - (If I Once)[Spanglish Version],54,237860,0.0762,0.62,0.823,3.13e-05,5,0.11199999999999999,-2.436,1,0.0567,175.921,4,0.40399999999999997
Finesse (Remix) [feat. Cardi B],84,217288,0.0185,0.7040000000000001,0.8590000000000001,0.0,5,0.0215,-4.877,0,0.0996,105.115,4,0.9259999999999999
Belong To U,44,202574,0.586,0.633,0.765,6.890000000000001e-05,1,0.0966,-5.732,1,0.0474,100.934,4,0.489
Sunny Daze,40,167823,0.569,0.853,0.7140000000000001,0.0101,7,0.0716,-6.1770000000000005,1,0.0767,92.375,4,0.836
"Uno Más Feat. Pharrell Williams, Miguel, Wiz Khalifa, J Alvarez (Remix)",41,241135,0.0652,0.8,0.8370000000000001,4.52e-05,7,0.0699,-4.488,1,0.099,105.02600000000001,4,0.813
Island,37,194011,0.11800000000000001,0.743,0.7929999999999999,6.07e-05,2,0.22699999999999998,-5.032,0,0.0546,109.921,4,0.434
Crazy In Love,79,236133,0.00249,0.6459999999999999,0.77,0.0,2,0.0715,-6.596,0,0.226,99.165,4,0.6809999999999999
Rock Your Body,74,267266,0.20199999999999999,0.8909999999999999,0.7140000000000001,0.000234,4,0.0521,-6.055,0,0.14,100.97200000000001,4,0.818
Beautiful Girls,10,241933,0.159,0.745,0.6659999999999999,0.0,9,0.302,-5.899,1,0.0566,129.995,4,0.708
Toxic,60,198813,0.0279,0.774,0.847,0.0183,5,0.24100000000000002,-3.925,0,0.121,143.011,4,0.9229999999999999
Michael Jackson x Mark Ronson: Diamonds are Invincible,70,300026,0.342,0.672,0.8320000000000001,0.00042800000000000005,11,0.242,-2.388,0,0.342,117.29799999999999,4,0.5489999999999999
Yeah!,79,250373,0.0183,0.894,0.7909999999999999,0.0,2,0.0388,-4.699,1,0.11199999999999999,105.01799999999999,4,0.583
Live Your Life (feat. Rihanna),76,338853,0.071,0.375,0.862,0.0,11,0.21100000000000002,-3.363,0,0.255,159.841,4,0.478
Hips Don't Lie,84,218093,0.284,0.778,0.8240000000000001,0.0,10,0.405,-5.892,0,0.0712,100.024,4,0.7559999999999999
"Hey, Soul Sister",77,216666,0.217,0.675,0.885,0.0,1,0.086,-4.4319999999999995,0,0.0436,97.03,4,0.768
Pumped Up Kicks,84,239600,0.145,0.733,0.71,0.115,5,0.0956,-5.849,0,0.0292,127.975,4,0.965
Love Never Felt so Good,74,246026,0.132,0.775,0.7190000000000001,1.79e-06,7,0.0662,-6.212000000000001,0,0.0435,117.51299999999999,4,0.7120000000000001
Hall of Fame,73,202533,0.0653,0.42100000000000004,0.873,0.0,10,0.12300000000000001,-4.343,1,0.0565,84.803,4,0.63
All of Me,85,269560,0.922,0.42200000000000004,0.264,0.0,8,0.132,-7.064,1,0.0322,119.93,4,0.331
Drops of Jupiter,78,259933,0.154,0.46799999999999997,0.64,0.0,0,0.154,-5.862,1,0.0275,79.297,4,0.499
We Can't Stop,78,231240,0.00882,0.613,0.622,0.0,1,0.37,-5.794,0,0.0334,80.003,4,0.484
Fighter,69,245960,0.235,0.435,0.92,0.00035299999999999996,4,0.552,-1.357,0,0.201,188.899,4,0.45
Since U Been Gone,75,188960,0.00165,0.662,0.741,0.0303,0,0.114,-5.406000000000001,1,0.0334,131.0,4,0.40399999999999997
Hey Ya! - Radio Mix / Club Mix,76,235213,0.10300000000000001,0.728,0.9740000000000001,0.000532,4,0.175,-2.261,0,0.0665,79.52600000000001,4,0.965
TiK ToK,71,199693,0.0746,0.755,0.8320000000000001,1.27e-06,2,0.29100000000000004,-2.741,0,0.11599999999999999,120.03200000000001,4,0.735
Look At Me Now,71,223933,0.0439,0.764,0.6940000000000001,3.67e-06,11,0.18,-5.745,0,0.18899999999999997,146.075,4,0.581
SexyBack,77,242733,0.0584,0.9670000000000001,0.583,0.0,7,0.0519,-5.562,0,0.0789,117.0,4,0.9640000000000001
With You,69,252160,0.14300000000000002,0.659,0.696,0.0,3,0.13,-4.291,1,0.071,86.001,4,0.665
Breakeven,76,261426,0.17300000000000001,0.63,0.698,0.0,10,0.0789,-4.51,1,0.0244,94.023,4,0.529
I Know You Want Me (Calle Ocho),65,237120,0.0142,0.8240000000000001,0.743,2.12e-05,2,0.237,-5.995,1,0.141,127.046,4,0.804
Bye Bye Bye,73,200400,0.031,0.61,0.9259999999999999,0.0012,8,0.0821,-4.843,0,0.0479,172.638,4,0.861
Complicated,77,244506,0.0572,0.585,0.7759999999999999,7.74e-06,5,0.3,-5.898,1,0.0459,77.987,4,0.42700000000000005
Let Me Love You,80,256733,0.235,0.6559999999999999,0.578,0.0,7,0.11800000000000001,-8.97,0,0.0922,94.514,4,0.556
Beautiful,73,238560,0.578,0.457,0.573,3.05e-06,5,0.114,-3.866,0,0.0275,76.193,4,0.0992
Raise Your Glass,54,203306,0.00611,0.701,0.7,0.0,7,0.0295,-4.934,1,0.0876,122.035,4,0.625
Timber,75,204160,0.0295,0.581,0.963,0.0,11,0.139,-4.087,1,0.0981,129.99200000000002,4,0.7879999999999999
What Makes You Beautiful,69,198053,0.00761,0.7290000000000001,0.7709999999999999,0.0,4,0.087,-2.451,1,0.0725,125.01100000000001,4,0.873
No One,79,253813,0.03,0.649,0.552,6.47e-06,1,0.111,-5.419,0,0.0292,89.969,4,0.158
Sk8er Boi,67,204000,6.790000000000001e-05,0.48700000000000004,0.9,0.0,0,0.358,-4.417,1,0.0482,149.937,4,0.484
Womanizer,76,224400,0.073,0.7240000000000001,0.695,0.0,11,0.0889,-5.226,1,0.0622,139.0,4,0.235
Give Me Everything,75,252306,0.192,0.6709999999999999,0.9390000000000001,0.0,8,0.298,-3.2060000000000004,1,0.161,129.023,4,0.529
Single Ladies (Put a Ring on It),72,193213,0.0383,0.426,0.584,0.0,1,0.188,-5.292999999999999,1,0.29600000000000004,193.437,4,0.272
Bleeding Love,81,262466,0.188,0.638,0.6559999999999999,0.0,5,0.146,-5.886,1,0.0357,104.036,4,0.225
Lose My Breath,63,242013,0.00727,0.8140000000000001,0.899,0.21899999999999997,1,0.0979,-5.957999999999999,1,0.0637,119.01100000000001,4,0.545
Love Song,77,258826,0.0208,0.583,0.7859999999999999,0.0,2,0.188,-3.142,0,0.0301,123.052,4,0.573
Ms. Jackson,78,270506,0.142,0.843,0.805,0.0,4,0.0771,-5.946000000000001,0,0.26899999999999996,94.946,4,0.615
Die Young,72,211920,0.00498,0.711,0.7,0.000125,1,0.215,-4.805,0,0.046,128.001,4,0.8009999999999999
Survivor,62,254040,0.0533,0.524,0.904,0.0,8,0.7759999999999999,-2.0709999999999997,1,0.39799999999999996,161.188,4,0.655
Oops!...I Did It Again,77,211160,0.3,0.7509999999999999,0.8340000000000001,1.77e-05,1,0.355,-5.444,0,0.0437,95.053,4,0.894
Cry Me a River,77,288333,0.575,0.624,0.653,0.0,8,0.10400000000000001,-6.582000000000001,0,0.17600000000000002,73.884,4,0.565
Get Lucky (feat. Pharrell Williams & Nile Rodgers) - Radio Edit,77,248413,0.0426,0.794,0.8109999999999999,1.07e-06,6,0.10099999999999999,-8.966000000000001,0,0.038,116.04700000000001,4,0.862
Whatever You Like,75,249533,0.0161,0.68,0.687,0.0,9,0.261,-6.162000000000001,0,0.0709,150.053,4,0.467
"One, Two Step",78,203786,0.042,0.9440000000000001,0.511,0.00107,5,0.0379,-10.96,0,0.161,113.046,4,0.8420000000000001
Unwritten,77,259333,0.00577,0.706,0.8009999999999999,0.0,5,0.0822,-6.332999999999999,1,0.0399,100.01299999999999,4,0.63
Wrecking Ball,74,221360,0.40700000000000003,0.53,0.42200000000000004,0.0,5,0.107,-6.2620000000000005,1,0.0342,119.964,4,0.349
So What,65,215160,0.000304,0.535,0.8859999999999999,2.26e-06,11,0.257,-3.1060000000000003,1,0.045,126.012,4,0.445
"Whenever, Wherever",76,196160,0.23600000000000002,0.7929999999999999,0.8320000000000001,1.12e-05,1,0.20199999999999999,-4.862,0,0.0406,107.661,4,0.872
Baby Boy,69,244826,0.0825,0.655,0.488,1.16e-06,1,0.221,-9.17,1,0.22,91.025,4,0.7909999999999999
It's Gonna Be Me,67,192426,0.0407,0.636,0.873,1.27e-06,0,0.0372,-4.672,0,0.071,165.071,4,0.9079999999999999
My Boo,77,223440,0.257,0.662,0.507,0.0,5,0.0465,-8.238,1,0.11800000000000001,86.412,4,0.6759999999999999
Sex on Fire,81,203346,0.00172,0.542,0.905,0.0104,9,0.136,-5.653,1,0.054000000000000006,153.398,4,0.374
Stronger (What Doesn't Kill You),52,221920,0.0411,0.555,0.9229999999999999,0.0,0,0.11199999999999999,-5.9079999999999995,1,0.0482,116.012,4,0.682
Over My Head (Cable Car),60,236373,0.0204,0.591,0.6990000000000001,0.0,8,0.0614,-5.221,1,0.0449,116.029,4,0.733
For the First Time,65,252853,0.0328,0.396,0.629,0.0,9,0.183,-4.78,1,0.0287,173.794,4,0.358
Girlfriend,69,216600,0.0007379999999999999,0.56,0.9590000000000001,0.000206,7,0.209,-2.4330000000000003,1,0.102,163.983,4,0.67
Fallin',76,210200,0.263,0.653,0.609,0.00101,11,0.233,-7.519,0,0.037000000000000005,95.98200000000001,3,0.48200000000000004
Use Somebody,79,230760,0.005520000000000001,0.276,0.715,0.000417,0,0.201,-5.356,1,0.0432,137.028,4,0.17300000000000001
How to Save a Life,83,262533,0.26899999999999996,0.64,0.743,0.0,10,0.10099999999999999,-4.08,1,0.0379,122.035,4,0.361
Not Over You,69,218520,0.255,0.63,0.894,0.0,10,0.18100000000000002,-4.592,1,0.0544,142.05100000000002,4,0.364
Before He Cheats,73,199946,0.271,0.519,0.7490000000000001,0.0,6,0.11900000000000001,-3.318,0,0.0405,147.905,4,0.29
Dirrty (feat. Redman),72,298853,0.107,0.64,0.889,0.0,2,0.33899999999999997,-3.073,1,0.322,99.931,4,0.436
Caught Up,31,224946,0.0251,0.815,0.8079999999999999,5.37e-06,6,0.12,-4.614,1,0.0511,110.06299999999999,4,0.746
If I Ain't Got You,81,228706,0.603,0.609,0.445,6.77e-06,7,0.10400000000000001,-9.129,1,0.106,118.39299999999999,3,0.166
Wherever You Will Go,67,209360,0.0392,0.551,0.696,0.0,2,0.127,-6.192,1,0.0265,112.024,4,0.354
You Found Me,76,241853,0.0187,0.33799999999999997,0.8029999999999999,0.0,8,0.136,-5.412000000000001,0,0.0413,151.994,4,0.4
"Independent Women, Pt. 1",63,221626,0.38799999999999996,0.517,0.598,2.22e-06,6,0.183,-3.7510000000000003,0,0.263,96.93299999999999,4,0.922
Because of You,75,219493,0.254,0.583,0.584,0.0,5,0.12300000000000001,-5.362,0,0.0314,140.039,4,0.136
Get The Party Started,67,191666,0.0012699999999999999,0.8059999999999999,0.902,0.0,11,0.212,-3.387,0,0.0475,128.94299999999998,4,0.961
The Anthem,73,175093,0.006659999999999999,0.494,0.9390000000000001,0.0,1,0.139,-3.127,1,0.126,177.75099999999998,4,0.893
I Don't Want to Be,63,217760,0.007909999999999999,0.423,0.862,0.0,0,0.133,-5.13,0,0.0695,154.746,4,0.462
The Way You Move (feat. Sleepy Brown) - Club Mix,68,234000,0.126,0.871,0.597,0.00011499999999999999,5,0.0638,-4.9319999999999995,0,0.0464,125.999,4,0.635
Better in Time,73,234173,0.512,0.584,0.7,2.4299999999999998e-05,6,0.13,-4.251,1,0.0506,163.953,4,0.5489999999999999
Over You,64,204853,0.017,0.423,0.922,0.0,3,0.102,-2.602,1,0.0411,156.063,4,0.5670000000000001
The Great Escape,67,206520,0.0016600000000000002,0.423,0.94,0.0,1,0.17800000000000002,-4.012,0,0.0635,149.934,4,0.505
Your Body Is a Wonderland,78,249626,0.0206,0.647,0.7290000000000001,0.0489,5,0.134,-6.251,1,0.0236,94.01,4,0.687
Superman (It's Not Easy),48,222000,0.327,0.521,0.431,0.0,0,0.0986,-9.74,1,0.0293,106.546,4,0.18100000000000002
Vivir Mi Vida,68,251160,0.324,0.65,0.879,0.0,8,0.376,-3.176,1,0.0328,105.015,4,0.899
La Vida Es Un Carnaval,24,275253,0.439,0.82,0.7170000000000001,0.00107,8,0.23600000000000002,-6.191,1,0.0722,104.005,4,0.843
Lambada - Original Version 1989,67,207466,0.21100000000000002,0.7559999999999999,0.8,0.000723,5,0.047,-5.1579999999999995,1,0.0329,118.921,4,0.9670000000000001
La Camisa Negra,29,216706,0.0838,0.7509999999999999,0.731,0.0,6,0.0556,-4.419,0,0.0308,97.007,4,0.973
La Gota Fría,66,215493,0.0893,0.7190000000000001,0.809,0.0,1,0.183,-10.201,1,0.0511,100.839,4,0.9640000000000001
Suavemente,63,267000,0.254,0.8109999999999999,0.88,0.00146,8,0.0475,-2.972,1,0.0628,124.12,4,0.915
Bailando - Spanish Version,71,243413,0.0426,0.723,0.777,3.68e-06,7,0.0451,-3.503,1,0.10800000000000001,91.01700000000001,4,0.961
Danza Kuduro,71,198786,0.078,0.6990000000000001,0.917,0.0,0,0.065,-4.897,1,0.115,130.04,4,0.889
Conga,59,252933,0.141,0.782,0.8740000000000001,0.0584,2,0.11199999999999999,-7.157,1,0.0474,123.179,4,0.8590000000000001
La Bilirrubina - En Vivo Estadio Olímpico De República Dominicana/2012,66,232880,0.622,0.585,0.977,0.0,1,0.32799999999999996,-3.57,1,0.0615,138.264,4,0.8009999999999999
Guantanamera,58,199316,0.833,0.7440000000000001,0.601,0.0242,10,0.131,-5.2410000000000005,1,0.0349,143.542,4,0.905
El Matador,11,277600,0.0306,0.5660000000000001,0.9109999999999999,0.0247,4,0.0574,-9.458,0,0.0791,193.53799999999998,4,0.638
Amor Prohibido,61,164120,0.455,0.5479999999999999,0.688,0.0,7,0.07200000000000001,-6.053,1,0.0372,179.842,4,0.813
Hips Don't Lie,84,218093,0.284,0.778,0.8240000000000001,0.0,10,0.405,-5.892,0,0.0712,100.024,4,0.7559999999999999
Mi Gente,77,189440,0.0179,0.774,0.687,1.17e-05,11,0.128,-4.8180000000000005,0,0.0584,104.959,4,0.308
Obsesion,74,254720,0.419,0.8029999999999999,0.56,0.0,1,0.0608,-6.912000000000001,0,0.0398,133.679,4,0.77
Let's Get Loud,70,239400,0.135,0.82,0.937,0.000128,5,0.35,-4.81,0,0.0551,130.993,4,0.9059999999999999
Oye Como Va,56,272546,0.743,0.696,0.728,0.0537,7,0.0835,-6.937,1,0.034,124.09200000000001,4,0.963
Despacito (Featuring Daddy Yankee),80,228200,0.20800000000000002,0.659,0.802,0.0,2,0.12300000000000001,-4.79,1,0.14800000000000002,177.93599999999998,4,0.863
Bamboleo,54,203173,0.414,0.6709999999999999,0.884,0.00015,6,0.0701,-9.267000000000001,0,0.0586,119.574,4,0.9329999999999999
Pedro Navaja,60,443480,0.779,0.5820000000000001,0.61,6.54e-06,11,0.267,-6.641,0,0.10300000000000001,93.65799999999999,4,0.826
Gasolina,77,192600,0.332,0.857,0.8009999999999999,1.2e-06,0,0.0789,-6.499,1,0.0618,96.009,4,0.753
Mambo No 5,52,162213,0.337,0.816,0.41600000000000004,0.7909999999999999,5,0.0452,-17.795,0,0.244,90.148,4,0.8170000000000001
De Música Ligera,51,212893,0.00487,0.542,0.7140000000000001,0.298,2,0.33399999999999996,-8.045,1,0.027999999999999997,124.26,4,0.76
Macarena,62,249506,0.42200000000000004,0.927,0.721,4.36e-05,8,0.0422,-12.561,1,0.0908,103.01799999999999,4,0.965
La Bamba,57,172733,0.0699,0.348,0.7509999999999999,0.0007379999999999999,0,0.20800000000000002,-12.823,1,0.0494,156.509,4,0.8859999999999999
Querida,4,319560,0.318,0.522,0.526,0.0,2,0.11599999999999999,-6.361000000000001,1,0.0259,90.02,4,0.43
Maria Maria - Radio Mix,56,262160,0.0485,0.779,0.631,0.00316,2,0.0349,-5.314,1,0.115,97.927,4,0.6629999999999999
La ingrata,65,212000,0.0854,0.748,0.835,1.97e-06,7,0.0365,-5.731,1,0.0351,142.942,4,0.8959999999999999
Corazón partio,74,343413,0.19899999999999998,0.648,0.846,4.23e-06,0,0.0803,-6.731,1,0.0424,160.075,4,0.815
I Know You Want Me (Calle Ocho),7,238680,0.0151,0.815,0.757,5.2600000000000005e-05,2,0.187,-5.351,1,0.165,127.052,4,0.8109999999999999
Livin' la Vida Loca,73,243160,0.00411,0.425,0.9540000000000001,0.0,1,0.0555,-3.7560000000000002,0,0.0476,178.043,4,0.9329999999999999
Rebelión,43,378373,0.11199999999999999,0.5589999999999999,0.73,0.00267,10,0.263,-8.461,0,0.0639,106.806,4,0.778
La Maza,58,351400,0.652,0.555,0.331,1.1599999999999999e-05,9,0.235,-17.718,0,0.27,170.60299999999998,3,0.43700000000000006
Amor Eterno,59,408440,0.445,0.301,0.335,0.0018100000000000002,0,0.7509999999999999,-8.564,1,0.0303,176.59099999999998,4,0.386
Besame Mucho,7,181960,0.701,0.7070000000000001,0.408,0.0,5,0.105,-12.776,0,0.0366,126.399,4,0.843
Mais Que Nada,52,159466,0.491,0.66,0.504,2.65e-05,0,0.15,-13.087,0,0.0496,88.95299999999999,4,0.914
El Cantante,58,622520,0.42200000000000004,0.489,0.679,6.92e-06,7,0.13,-4.899,0,0.0326,95.81299999999999,4,0.6579999999999999
Chan Chan,7,257213,0.83,0.507,0.423,0.00916,2,0.0973,-14.187000000000001,0,0.0332,82.809,4,0.701
Amigo,41,208866,0.259,0.613,0.489,0.0,11,0.0696,-13.509,0,0.0503,145.278,4,0.898
The Girl From Ipanema - Stereo Version,50,325506,0.888,0.66,0.124,0.0007639999999999999,5,0.111,-19.2,0,0.0496,129.91899999999998,4,0.36200000000000004
Oye Mi Amor,63,263306,0.0102,0.5429999999999999,0.903,0.00585,11,0.0862,-6.6579999999999995,0,0.039,162.241,4,0.9620000000000001
Latinoamérica,68,301426,0.59,0.691,0.805,0.0,2,0.0975,-6.81,0,0.0947,142.503,3,0.866
"Soy un Truhán, Soy un Señor",50,183546,0.565,0.5760000000000001,0.698,0.0,0,0.386,-5.181,1,0.0321,98.855,4,0.708
Mediterraneo,60,205226,0.599,0.545,0.59,0.0,9,0.0916,-7.257000000000001,0,0.0813,100.835,3,0.583
Gracias a la Vida,52,278040,0.8109999999999999,0.649,0.14400000000000002,2.42e-06,0,0.08900000000000001,-16.809,1,0.0522,119.193,4,0.264
La Cumparsita,42,193800,0.9079999999999999,0.57,0.301,0.574,7,0.12300000000000001,-13.845999999999998,1,0.0518,118.337,4,0.431
Paloma negra,50,195533,0.853,0.39,0.263,0.0,2,0.21899999999999997,-6.851,1,0.0394,80.332,1,0.446
El Rey,40,128386,0.386,0.337,0.55,0.0,9,0.298,-5.814,1,0.0502,183.11700000000002,4,0.851
Feliz Navidad,57,182226,0.5479999999999999,0.514,0.83,0.0,2,0.321,-8.666,1,0.0391,148.806,4,0.9640000000000001
All Along the Watchtower,78,240800,0.00255,0.43799999999999994,0.805,5.6899999999999994e-05,8,0.0842,-6.237,1,0.0624,113.25299999999999,4,0.564
My Generation - Stereo Version,69,198706,0.32799999999999996,0.397,0.785,0.00495,2,0.0621,-9.168,0,0.0545,96.333,4,0.6459999999999999
(I Can't Get No) Satisfaction,48,222746,0.00037999999999999997,0.735,0.82,0.0572,2,0.0983,-8.554,1,0.0494,135.586,4,0.8590000000000001
"Hello, I Love You",63,133200,0.028999999999999998,0.597,0.5539999999999999,0.0,11,0.0766,-14.144,0,0.0425,117.835,4,0.963
Whole Lotta Love,77,333893,0.0484,0.41200000000000003,0.902,0.131,9,0.405,-11.6,1,0.405,89.74,4,0.42200000000000004
Hey Jude - Remastered 2015,77,425653,0.0112,0.386,0.607,1.3800000000000002e-05,10,0.08800000000000001,-7.7,1,0.0261,147.207,4,0.532
White Room,71,303200,0.23,0.547,0.58,0.00877,2,0.0569,-13.415,0,0.0293,109.82700000000001,4,0.505
You Really Got Me - Mono Mix,71,134253,0.493,0.573,0.9390000000000001,0.0,8,0.0994,-6.441,1,0.0808,137.382,4,0.963
Surfin' U.S.A. - Remastered,70,149373,0.6609999999999999,0.55,0.8540000000000001,0.0,3,0.11199999999999999,-5.968,1,0.036000000000000004,159.231,4,0.965
"Oh, Pretty Woman",71,178933,0.715,0.619,0.603,0.0,9,0.0721,-9.481,1,0.0342,127.432,4,0.958
Back In The U.S.S.R. - 2018 Mix,61,163466,0.0010199999999999999,0.51,0.893,5.85e-05,9,0.201,-9.267000000000001,1,0.0342,142.657,4,0.934
For What It's Worth,75,153693,0.406,0.653,0.519,0.0209,2,0.10099999999999999,-10.164,1,0.0497,98.883,4,0.8220000000000001
Fortunate Son,81,140773,0.201,0.64,0.6629999999999999,0.00806,0,0.152,-7.516,1,0.0374,132.77,4,0.6629999999999999
Born To Be Wild - Single Version,67,212893,0.273,0.439,0.737,0.28,2,0.228,-12.054,1,0.115,145.942,4,0.5329999999999999
House Of The Rising Sun,70,271280,0.00038500000000000003,0.295,0.584,0.218,9,0.0996,-6.696000000000001,0,0.0345,117.2,3,0.228
Louie Louie,68,165381,0.102,0.623,0.7090000000000001,0.0,1,0.0967,-9.818,0,0.0636,122.39399999999999,4,0.948
I Heard It Through The Grapevine - Single Version (Mono),61,193493,0.255,0.735,0.52,0.0,11,0.106,-6.18,1,0.0371,118.441,4,0.688
Crimson And Clover - Single Version,56,208666,0.255,0.41200000000000003,0.59,0.0325,11,0.177,-12.277000000000001,1,0.0701,85.824,4,0.653
Evil Ways,59,238266,0.22,0.7040000000000001,0.528,0.35,5,0.14,-13.382,1,0.0358,117.47200000000001,4,0.73
Purple Haze,71,170813,0.008759999999999999,0.5329999999999999,0.905,0.578,2,0.0698,-5.27,1,0.0754,108.9,4,0.486
California Dreamin' - Single Version,73,162373,0.35200000000000004,0.552,0.616,0.0,1,0.0501,-9.785,0,0.0346,112.44200000000001,4,0.667
Like a Rolling Stone,72,369600,0.7290000000000001,0.483,0.721,0.0,0,0.18899999999999997,-6.836,1,0.032,95.26100000000001,4,0.562
Suite: Judy Blue Eyes - Remastered,64,444053,0.469,0.451,0.364,0.0,9,0.19699999999999998,-13.126,1,0.0436,154.20600000000002,4,0.298
Turn! Turn! Turn! (To Everything There Is a Season),65,229360,0.135,0.452,0.818,2.72e-05,2,0.052000000000000005,-8.124,1,0.0439,124.47399999999999,4,0.755
I Saw Her Standing There - Remastered 2009,68,173946,0.27,0.491,0.8009999999999999,0.0,4,0.0665,-9.835,1,0.0361,160.109,4,0.971
Light My Fire,71,429760,0.369,0.413,0.725,2.1600000000000003e-05,3,0.0905,-5.787000000000001,0,0.0324,124.618,4,0.44
Pinball Wizard,69,180943,0.0192,0.537,0.716,0.0,2,0.245,-8.766,1,0.038,122.87299999999999,4,0.452
The Sounds of Silence,54,184880,0.165,0.436,0.375,0.0,6,0.294,-13.856,1,0.0284,107.38600000000001,4,0.49
Green Onions,66,176333,0.767,0.816,0.514,0.9490000000000001,10,0.0899,-8.741,1,0.0339,136.83700000000002,4,0.912
Sweet Caroline - Single Version,58,201800,0.505,0.556,0.161,4.36e-05,11,0.28,-13.944,1,0.0297,126.53399999999999,4,0.588
Good Lovin' - Single Version,52,150906,0.00206,0.252,0.507,0.00057,2,0.325,-13.337,1,0.0442,196.49400000000003,4,0.816
The Twist,60,153760,0.20199999999999999,0.5329999999999999,0.638,0.0,4,0.0729,-7.13,1,0.0341,156.66299999999998,4,0.937
Sunshine Of Your Love,72,250000,0.475,0.684,0.48100000000000004,6.57e-05,2,0.11800000000000001,-12.59,1,0.0384,115.07799999999999,4,0.784
Hit the Road Jack,13,120173,0.7140000000000001,0.599,0.7040000000000001,0.0,8,0.521,-8.566,0,0.243,173.043,4,0.95
Proud Mary,30,187213,0.13,0.6990000000000001,0.6409999999999999,0.000218,2,0.0601,-7.564,1,0.0289,120.745,4,0.728
Dazed And Confused,63,386373,0.044000000000000004,0.271,0.5529999999999999,0.0096,2,0.0999,-9.526,1,0.0472,86.762,3,0.433
Summertime Blues,37,226906,0.462,0.456,0.514,0.00037,7,0.268,-9.732999999999999,0,0.053,138.377,4,0.657
I Want To Hold Your Hand - Remastered 2015,74,145746,0.386,0.49,0.715,0.0,7,0.311,-5.5489999999999995,1,0.0476,130.726,4,0.866
Runaround Sue,64,171600,0.451,0.364,0.607,0.0,2,0.251,-9.791,1,0.125,79.987,4,0.598
All Day and All of the Night - 2014 Remastered Version,38,142480,0.498,0.551,0.9540000000000001,0.0,7,0.0884,-2.844,1,0.0814,136.862,4,0.685
River Deep - Mountain High,51,214880,0.792,0.36,0.757,0.0125,3,0.147,-6.832000000000001,1,0.0405,83.865,4,0.341
Summer in the City - Remastered,63,160306,0.0592,0.423,0.6809999999999999,0.000177,10,0.0889,-9.756,1,0.0397,110.461,4,0.5589999999999999
Jumpin' Jack Flash - Mono / Remastered,21,219466,0.047,0.6,0.897,0.727,3,0.0672,-7.275,1,0.0477,137.375,4,0.6759999999999999
Foxey Lady,62,198773,0.0751,0.507,0.847,0.237,1,0.37200000000000005,-5.987,0,0.0411,98.096,4,0.5660000000000001
Somebody to Love,69,174840,0.408,0.504,0.578,0.0,4,0.321,-9.302,1,0.031,132.411,4,0.654
Time Has Come Today,53,290933,0.0252,0.528,0.514,0.0894,2,0.0725,-11.909,1,0.133,122.87200000000001,4,0.44
Heart Full of Soul,63,147893,0.22899999999999998,0.494,0.6659999999999999,5.6899999999999994e-05,9,0.0469,-9.743,0,0.0351,140.832,4,0.6990000000000001
Do You Believe in Magic?,66,125826,0.218,0.552,0.742,0.0,0,0.33899999999999997,-7.962999999999999,1,0.0454,138.591,4,0.7509999999999999
"Paint It, Black - Mono",67,204480,0.0103,0.505,0.836,0.0771,5,0.295,-7.3839999999999995,0,0.10099999999999999,159.66899999999998,4,0.764
Good Vibrations - Remastered,70,219026,0.326,0.396,0.473,0.000124,10,0.109,-7.67,0,0.0345,133.44899999999998,4,0.385
Psychotic Reaction,55,185523,0.000242,0.34600000000000003,0.75,0.0119,11,0.271,-6.619,1,0.10300000000000001,165.03599999999997,4,0.667
Yesterday - Remastered 2009,74,125666,0.879,0.332,0.179,0.0,5,0.0886,-11.83,1,0.0326,96.529,4,0.315
Nights In White Satin - Single Version / Mono Mix,66,269106,0.465,0.195,0.483,0.49700000000000005,4,0.0686,-4.9910000000000005,0,0.03,84.71,4,0.17300000000000001
Space Oddity - 2015 Remastered Version,72,318813,0.0748,0.299,0.44299999999999995,0.000138,0,0.177,-12.620999999999999,1,0.0346,139.539,4,0.434
Magic Carpet Ride,68,271573,0.142,0.64,0.6509999999999999,0.28,4,0.0341,-14.981,0,0.0517,111.676,4,0.8009999999999999
Needles and Pins - Mono,58,131360,0.0546,0.565,0.953,2.95e-05,9,0.0637,-6.504,1,0.0393,124.287,4,0.887
The Weight - Remastered,55,278626,0.225,0.63,0.519,4.2999999999999995e-06,9,0.0974,-10.997,1,0.0528,143.942,4,0.502
Bring It On Home to Me,71,162533,0.778,0.523,0.402,0.0,0,0.43200000000000005,-8.232999999999999,1,0.0305,70.863,4,0.675
Bad Moon Rising,71,141600,0.0543,0.6409999999999999,0.774,1.05e-05,2,0.0473,-5.916,1,0.0278,89.787,4,0.9420000000000001
Crying,59,166466,0.758,0.35,0.293,8.21e-06,2,0.10400000000000001,-9.502,1,0.0258,96.685,4,0.162
Revolution - Remastered,67,205293,0.0734,0.40700000000000003,0.8340000000000001,0.00021,6,0.24100000000000002,-9.224,1,0.20800000000000002,121.38,4,0.71
Shop Around,54,170760,0.8,0.5579999999999999,0.6859999999999999,0.0,7,0.815,-4.495,1,0.0289,132.075,4,0.8859999999999999
I Fought The Law,57,138360,0.105,0.593,0.804,2.22e-06,7,0.047,-5.497000000000001,1,0.0319,148.959,4,0.9620000000000001
The Times They Are A-Changin',70,192053,0.887,0.389,0.396,0.0,7,0.0828,-7.999,1,0.0332,171.86,3,0.585
Honky Tonk Women,57,179386,0.381,0.562,0.768,0.03,7,0.168,-6.6129999999999995,1,0.0606,119.544,4,0.966
The End - Remastered,49,710826,0.285,0.35100000000000003,0.228,0.00116,0,0.12300000000000001,-17.271,1,0.0307,104.551,4,0.0329
She Loves You - Mono / Remastered,67,140920,0.26,0.377,0.9159999999999999,0.0,4,0.07400000000000001,-3.199,0,0.0481,75.533,4,0.912
Heartbreaker,64,254133,0.0746,0.40299999999999997,0.7090000000000001,0.494,9,0.132,-9.366,1,0.0885,97.161,4,0.654
Brown Eyed Girl,80,183306,0.182,0.491,0.583,0.0,7,0.40700000000000003,-10.964,1,0.0376,150.572,4,0.907
Gimme Shelter,75,270773,0.447,0.634,0.63,0.039,1,0.17,-8.277000000000001,0,0.031,118.62799999999999,4,0.489
Touch Me,63,190253,0.405,0.425,0.903,0.0128,1,0.11699999999999999,-4.801,1,0.0732,108.74799999999999,4,0.769
Surf City - Remastered 1990 / Stereo Remix,47,163026,0.595,0.469,0.647,1.65e-06,8,0.33899999999999997,-13.913,1,0.0315,147.878,4,0.9420000000000001
White Rabbit,70,150640,0.486,0.551,0.293,0.000273,2,0.0864,-12.503,1,0.0272,106.79799999999999,4,0.322
Green River,60,154120,0.0356,0.7040000000000001,0.773,0.00498,9,0.08199999999999999,-9.621,1,0.0279,141.655,4,0.972
I Get Around (Mono) - Mono,66,134386,0.36,0.39,0.625,0.0,9,0.0663,-7.813,0,0.0537,144.338,4,0.514
Mr. Tambourine Man,61,149466,0.513,0.456,0.47,3.76e-05,2,0.444,-9.564,1,0.0294,120.336,4,0.639
With A Little Help From My Friends - Remastered 2009,67,164106,0.365,0.705,0.515,0.0,4,0.389,-9.343,1,0.0337,112.035,4,0.8029999999999999
Hush - 2014 Remastered Version,38,252040,0.0176,0.585,0.6759999999999999,0.732,5,0.129,-11.267000000000001,1,0.0471,109.309,4,0.474
For Your Love,53,149733,0.387,0.33799999999999997,0.6679999999999999,1.59e-05,2,0.111,-8.641,1,0.0421,127.09700000000001,5,0.561
Street Fighting Man,58,194733,0.0154,0.57,0.754,0.0133,0,0.184,-9.948,1,0.031,127.95700000000001,4,0.708
Blowin' In the Wind,68,165426,0.914,0.38,0.0993,2.3199999999999998e-05,2,0.0605,-20.566999999999997,1,0.0509,174.87400000000002,4,0.44
In My Room - Remastered,50,134133,0.184,0.341,0.41600000000000004,6.28e-05,11,0.0917,-9.574,1,0.0265,102.88600000000001,3,0.499
I'm A Man,14,176160,0.038,0.55,0.929,0.0,9,0.135,-5.765,1,0.0815,129.011,4,0.643
Gloria - Stereo Version,52,156106,0.528,0.6459999999999999,0.813,0.007859999999999999,9,0.17800000000000002,-6.733,1,0.0434,129.378,4,0.711
Itchycoo Park,49,172746,0.395,0.601,0.596,2.34e-06,9,0.451,-8.029,1,0.0734,128.168,4,0.503
Wild Thing,54,158250,0.721,0.42100000000000004,0.664,0.00244,11,0.0851,-10.657,0,0.0665,201.583,4,0.574
Care Of Cell 44,52,235826,0.265,0.42100000000000004,0.58,0.0136,7,0.0973,-7.011,1,0.0285,129.959,4,0.40299999999999997
See Emily Play - 2016 Remastered Version,33,174573,0.21100000000000002,0.43799999999999994,0.754,0.0,2,0.124,-7.035,1,0.0381,123.744,4,0.435
Alone Again Or - 2015 Remastered Version,58,197274,0.664,0.318,0.303,0.000223,11,0.113,-15.572000000000001,0,0.0302,174.25400000000002,4,0.226
Psychotic Reaction - Rarities Version,8,189848,0.000288,0.355,0.7609999999999999,0.0141,11,0.18899999999999997,-6.309,1,0.0978,165.209,4,0.685
Slip Inside This House - Stereo LP Version,43,482278,0.10099999999999999,0.555,0.6940000000000001,0.0,9,0.12300000000000001,-8.453,0,0.0426,127.42299999999999,4,0.602
I Had Too Much To Dream (Last Night),49,178266,0.354,0.341,0.7140000000000001,0.0,2,0.31,-7.997999999999999,0,0.0404,147.60399999999998,4,0.41200000000000003
96 Tears,30,177426,0.0586,0.68,0.507,6.49e-06,7,0.0754,-5.928999999999999,1,0.0336,123.47,4,0.8540000000000001
Have Love Will Travel,55,160400,0.727,0.506,0.948,0.0,10,0.0904,-5.626,1,0.105,130.195,4,0.934
Kick out the Jams,40,181760,0.0565,0.32899999999999996,0.8059999999999999,0.21,1,0.355,-11.925,1,0.0596,142.625,4,0.619
I Hate You,42,213706,0.441,0.65,0.7979999999999999,0.0007059999999999999,9,0.13699999999999998,-8.126,0,0.0541,110.646,4,0.46399999999999997
I Wanna Be Your Dog,62,188560,0.0229,0.527,0.871,0.155,4,0.419,-8.708,1,0.0354,120.72200000000001,4,0.107
I'm Waiting For The Man - Album Version (Stereo),16,279520,0.025,0.682,0.621,0.852,7,0.153,-9.652999999999999,1,0.0451,125.91,4,0.861
Eight Miles High,56,214640,0.21,0.364,0.768,0.136,9,0.503,-10.492,1,0.0757,130.602,4,0.37
Wipe Out,42,166092,0.111,0.46,0.955,0.54,11,0.9520000000000001,-6.684,1,0.0487,160.07299999999998,4,0.726
More Than Words,69,334106,0.46799999999999997,0.615,0.129,0.0,6,0.114,-14.892000000000001,1,0.0286,91.76899999999999,4,0.249
Free Fallin',73,256000,0.21899999999999997,0.63,0.449,0.0,5,0.0622,-13.243,1,0.0252,84.37799999999999,4,0.623
Landslide,77,199493,0.883,0.414,0.161,0.000223,7,0.11699999999999999,-22.32,0,0.0318,159.375,4,0.423
Lean on Me,69,258834,0.782,0.619,0.22,1.1900000000000001e-05,0,0.124,-13.843,1,0.0667,75.16,4,0.423
Hotel California - Remastered,83,391376,0.0057399999999999994,0.579,0.508,0.0004940000000000001,2,0.0575,-9.484,1,0.027000000000000003,147.125,4,0.609
Fast Car,79,296800,0.313,0.711,0.292,0.0,4,0.131,-15.523,0,0.037000000000000005,103.95100000000001,4,0.19399999999999998
You're So Vain,74,258411,0.157,0.659,0.6779999999999999,6.69e-06,0,0.0784,-8.18,1,0.0313,106.186,4,0.647
Dust in the Wind,76,206266,0.36700000000000005,0.475,0.322,0.00056,7,0.11,-10.687000000000001,1,0.0283,93.50299999999999,4,0.387
Ooh La La,64,214080,0.579,0.601,0.574,1.1400000000000001e-05,2,0.21600000000000003,-8.166,1,0.03,147.964,4,0.8
You've Got A Friend,53,268706,0.6809999999999999,0.695,0.282,0.0267,9,0.0767,-15.359000000000002,1,0.0295,91.681,4,0.445
Redemption Song,71,233560,0.578,0.684,0.248,0.0,0,0.0643,-10.505,1,0.0435,116.00200000000001,4,0.621
Crazy Love,54,155453,0.841,0.575,0.188,4.3700000000000005e-05,9,0.228,-18.758,1,0.0959,77.464,4,0.33399999999999996
I'm on Fire,72,155880,0.589,0.62,0.446,0.0299,1,0.0727,-14.450999999999999,0,0.0347,88.59100000000001,4,0.868
Heart Of Gold,70,187013,0.18899999999999997,0.541,0.45899999999999996,0.0274,4,0.099,-10.433,0,0.0297,171.165,4,0.8029999999999999
Wildflowers - Remastered,13,216573,0.762,0.609,0.368,6.28e-06,10,0.335,-13.338,1,0.0294,90.37299999999999,4,0.618
"Rocket Man (I Think It's Going To Be A Long, Long Time)",80,281613,0.386,0.602,0.522,1.4400000000000001e-05,10,0.0941,-9.031,1,0.0285,136.637,4,0.36
In The Air Tonight - 2015 Remastered,77,336453,0.551,0.446,0.239,4.1e-06,0,0.0697,-13.945,1,0.0316,189.507,4,0.298
Wicked Game - Remastered,65,286880,0.743,0.664,0.5529999999999999,0.00978,9,0.0838,-7.723,1,0.0264,112.52,4,0.287
Hallelujah,64,277160,0.715,0.28,0.344,0.00642,0,0.133,-12.577,1,0.0293,171.143,3,0.23199999999999998
My Sweet Lord,78,281226,0.0794,0.5379999999999999,0.7040000000000001,0.0,1,0.0867,-8.904,0,0.0332,120.963,4,0.583
A Horse with No Name,77,252239,0.6859999999999999,0.654,0.506,0.0155,11,0.155,-17.18,0,0.0535,123.179,4,0.831
Jolene,76,161533,0.5660000000000001,0.674,0.537,0.0,1,0.131,-10.970999999999998,0,0.0363,110.57799999999999,4,0.809
Let It Be - Remastered 2009,78,243026,0.631,0.44299999999999995,0.40299999999999997,0.0,0,0.111,-8.339,1,0.0322,143.46200000000002,4,0.41
Maggie May,34,350266,0.5589999999999999,0.605,0.574,0.113,2,0.0684,-10.536,1,0.0377,129.44899999999998,4,0.5429999999999999
Me and Julio Down by the Schoolyard,71,164813,0.237,0.626,0.816,1.8000000000000001e-06,9,0.10400000000000001,-10.593,1,0.13,105.33,4,0.7979999999999999
Where You Lead,62,200146,0.763,0.784,0.45899999999999996,1.28e-06,0,0.0684,-10.446,1,0.0304,106.95700000000001,4,0.9309999999999999
Me and Bobby McGee,69,271333,0.302,0.45299999999999996,0.46399999999999997,5.96e-05,2,0.152,-10.96,1,0.0431,93.19,4,0.6579999999999999
If You Could Read My Mind,60,229560,0.68,0.603,0.252,6.96e-05,2,0.147,-12.402000000000001,1,0.0337,122.631,4,0.179
Pink Moon,64,123173,0.851,0.456,0.26,0.166,3,0.142,-15.435,1,0.0548,82.321,4,0.491
Walkin' Back to Georgia,59,170759,0.621,0.6609999999999999,0.518,1.7800000000000002e-05,6,0.0953,-10.061,0,0.0319,127.266,4,0.7759999999999999
Going To California,55,212160,0.943,0.503,0.265,0.045,2,0.0867,-15.913,1,0.0333,78.044,4,0.522
"My My, Hey Hey (Out of the Blue)",67,227705,0.856,0.502,0.4,0.000375,7,0.33299999999999996,-13.697000000000001,0,0.0294,127.182,4,0.435
I Walk the Line,71,176533,0.877,0.713,0.258,0.00606,9,0.0967,-14.59,1,0.0384,98.805,4,0.56
Across The Universe - Remastered 2009,66,228133,0.361,0.257,0.41200000000000003,8.68e-05,1,0.0702,-11.788,1,0.0287,152.126,4,0.858
Wild World,75,200160,0.354,0.483,0.503,0.00028399999999999996,0,0.11599999999999999,-9.396,1,0.0341,151.862,4,0.598
California,62,230226,0.905,0.46399999999999997,0.32799999999999996,0.0,4,0.135,-9.005,1,0.0407,70.859,3,0.784
"Dreams (Sessions, Roughs & Outtakes) - 2004 Remastered Edition",49,261546,0.405,0.872,0.316,0.0126,0,0.0849,-14.415,1,0.0436,119.52799999999999,4,0.57
Tangled up in Blue,63,341626,0.414,0.42100000000000004,0.6609999999999999,1.16e-06,9,0.0962,-13.126,1,0.0433,100.965,4,0.5539999999999999
Imagine - Remastered 2010,77,187866,0.907,0.547,0.257,0.183,0,0.0935,-12.357999999999999,1,0.0252,75.752,4,0.16899999999999998
Maybe I’m Amazed - Remastered 2011,65,229826,0.387,0.47100000000000003,0.494,0.0944,7,0.617,-10.407,1,0.0312,79.255,4,0.373
Tom's Diner,46,129106,0.589,0.7120000000000001,0.16699999999999998,0.0,1,0.157,-22.046999999999997,0,0.8909999999999999,96.637,4,0.376
Easy,58,260893,0.233,0.575,0.43200000000000005,0.00135,10,0.0743,-13.642000000000001,0,0.0314,132.145,4,0.348
Up Where We Belong,62,233240,0.597,0.573,0.429,8.18e-05,2,0.0839,-8.68,1,0.0294,139.097,4,0.361
Life On Mars? - 2015 Remastered Version,71,235986,0.639,0.442,0.384,7.7e-05,10,0.0539,-14.635,1,0.0414,123.281,4,0.21600000000000003
Personal Jesus - Acoustic Version,45,207866,0.9179999999999999,0.667,0.266,0.284,9,0.136,-16.339000000000002,0,0.0362,138.178,4,0.349
Wuthering Heights,66,269066,0.366,0.48100000000000004,0.392,0.0452,1,0.124,-11.380999999999998,1,0.0312,124.572,4,0.52
Stuck In The Middle With You - Remastered,63,201334,0.11900000000000001,0.8370000000000001,0.496,0.35700000000000004,7,0.115,-11.821,1,0.0402,125.01700000000001,4,0.9640000000000001
Just The Two Of Us (feat. Bill Withers),65,237106,0.5760000000000001,0.8029999999999999,0.488,0.0609,1,0.0763,-9.302999999999999,1,0.0803,95.771,4,0.624
(You Make Me Feel Like) A Natural Woman,62,229066,0.953,0.624,0.158,0.00135,9,0.11199999999999999,-13.059000000000001,1,0.0289,85.492,3,0.303
Cecilia,68,174826,0.35700000000000004,0.755,0.8759999999999999,5.17e-06,0,0.22,-8.867,1,0.0362,102.762,4,0.9540000000000001
Our House,67,179760,0.8959999999999999,0.593,0.205,5.4600000000000006e-05,9,0.11900000000000001,-14.600999999999999,1,0.0479,140.279,4,0.377
And It Stoned Me,50,272160,0.35,0.593,0.46799999999999997,3.52e-05,7,0.0919,-11.165,1,0.0285,75.798,4,0.597
Famous Blue Raincoat,58,310773,0.948,0.474,0.0404,0.000263,9,0.111,-22.208000000000002,0,0.0387,119.415,3,0.18
All Things Must Pass,59,226866,0.494,0.508,0.56,0.00611,9,0.106,-8.244,1,0.0304,122.514,4,0.386
Stand By Me - Remastered,63,211666,0.29,0.632,0.556,0.0215,9,0.0779,-10.138,1,0.0288,104.99600000000001,4,0.633
"Baby, I Love Your Way",50,309760,0.614,0.7490000000000001,0.24600000000000002,0.000138,0,0.0967,-12.847000000000001,1,0.0383,132.153,4,0.308
Solsbury Hill,21,262600,0.37799999999999995,0.6779999999999999,0.622,0.000953,11,0.363,-8.875,1,0.0301,102.229,1,0.47100000000000003
Boulder To Birmingham - Remastered,48,213026,0.78,0.47600000000000003,0.318,2e-06,10,0.10400000000000001,-10.953,1,0.0304,126.495,4,0.311
Something On Your Mind,53,203333,0.55,0.41,0.598,0.00274,2,0.092,-8.515,1,0.0405,76.445,4,0.262
You're The Inspiration - 2006 Remastered Version,72,229240,0.368,0.583,0.602,0.0,11,0.22,-6.364,1,0.0274,74.008,4,0.38799999999999996
Ripple,44,250333,0.345,0.6,0.363,0.000333,7,0.25,-15.469000000000001,1,0.037000000000000005,125.76100000000001,4,0.75
You Are So Beautiful,53,159640,0.83,0.387,0.19399999999999998,0.00145,1,0.131,-10.829,1,0.031,121.7,4,0.0862
Blue Bayou,63,239399,0.7390000000000001,0.732,0.161,0.000379,11,0.105,-12.817,1,0.0306,95.21,4,0.5
Bohemian Rhapsody - Remastered 2011,59,354320,0.28800000000000003,0.392,0.402,0.0,0,0.243,-9.961,0,0.0536,143.88299999999998,4,0.228
Stairway To Heaven,80,482830,0.58,0.33799999999999997,0.34,0.0032,9,0.11599999999999999,-12.049000000000001,0,0.0339,82.43299999999999,4,0.19699999999999998
Hotel California - Remastered,83,391376,0.0057399999999999994,0.579,0.508,0.0004940000000000001,2,0.0575,-9.484,1,0.027000000000000003,147.125,4,0.609
London Calling - Remastered,71,200480,0.12300000000000001,0.6509999999999999,0.8009999999999999,0.0,0,0.0825,-7.34,1,0.0513,133.763,4,0.7759999999999999
Riders On The Storm,74,434720,0.25,0.5489999999999999,0.722,0.0138,11,0.11,-11.729000000000001,0,0.0283,103.885,4,0.716
Rock And Roll All Nite,74,168826,0.0551,0.657,0.932,0.0,1,0.047,-5.819,1,0.0992,144.751,4,0.888
Who Are You,63,381626,0.299,0.653,0.631,0.00265,9,0.0627,-11.334000000000001,1,0.0461,156.32,4,0.516
Changes - 2015 Remastered Version,65,217746,0.505,0.547,0.308,0.0,0,0.109,-11.75,1,0.0377,114.719,4,0.41
Who'll Stop The Rain,66,147493,0.0424,0.598,0.797,0.000407,7,0.0717,-6.792999999999999,1,0.0332,123.566,4,0.622
Me and Bobby McGee,69,271333,0.302,0.45299999999999996,0.46399999999999997,5.96e-05,2,0.152,-10.96,1,0.0431,93.19,4,0.6579999999999999
Wild Horses,68,341773,0.669,0.371,0.40399999999999997,0.004529999999999999,7,0.0805,-6.452000000000001,1,0.0255,74.38600000000001,4,0.153
Imagine - Remastered 2010,77,187866,0.907,0.547,0.257,0.183,0,0.0935,-12.357999999999999,1,0.0252,75.752,4,0.16899999999999998
Let It Be - Remastered 2009,78,243026,0.631,0.44299999999999995,0.40299999999999997,0.0,0,0.111,-8.339,1,0.0322,143.46200000000002,4,0.41
Dream On,79,266960,0.38799999999999996,0.307,0.433,9.08e-05,1,0.332,-10.057,1,0.028999999999999998,160.9,4,0.22399999999999998
Roxanne - Remastered 2003,68,191946,0.026000000000000002,0.608,0.746,2.39e-06,0,0.043,-8.851,1,0.354,134.03,4,0.745
Highway to Hell,83,208400,0.0591,0.573,0.9129999999999999,0.00173,6,0.156,-4.793,0,0.132,115.715,4,0.42200000000000004
Bang a Gong (Get It On) - Remastered Version,62,267000,0.157,0.7290000000000001,0.818,0.285,2,0.195,-9.992,1,0.0732,125.811,4,0.907
Smoke On the Water,63,342173,0.0983,0.632,0.586,0.581,0,0.0535,-11.333,1,0.0284,114.243,4,0.89
Black Magic Woman,64,196466,0.6759999999999999,0.489,0.349,0.0789,2,0.0866,-14.295,0,0.0323,124.348,4,0.622
Message In A Bottle - Remastered 2003,67,290280,0.0338,0.5820000000000001,0.81,1.6800000000000002e-05,1,0.20199999999999999,-7.024,0,0.0396,151.006,4,0.875
Free Bird,71,547106,0.0765,0.252,0.8440000000000001,0.00018,0,0.084,-8.121,1,0.0572,118.15799999999999,4,0.35100000000000003
Cocaine,69,221640,0.0607,0.6990000000000001,0.502,0.0337,9,0.317,-12.526,1,0.0278,105.266,4,0.6759999999999999
Lola - Coca Cola Version,67,241040,0.5820000000000001,0.474,0.917,0.231,9,0.201,-4.19,1,0.0395,152.113,4,0.902
Black Dog,72,295386,0.396,0.43700000000000006,0.8640000000000001,0.0314,4,0.242,-7.8420000000000005,0,0.0904,81.39399999999999,4,0.7490000000000001
Blitzkrieg Bop - 2016 Remastered Version,70,134466,0.000269,0.385,0.7829999999999999,0.47,9,0.10800000000000001,-2.533,1,0.233,176.701,4,0.902
I Want You to Want Me,66,191226,0.78,0.8059999999999999,0.462,0.0134,2,0.15,-12.777999999999999,1,0.0298,92.726,4,0.736
Black Diamond,52,313466,0.0889,0.321,0.627,0.00878,8,0.0699,-9.509,0,0.0542,132.855,4,0.141
Blinded By The Light,63,428133,0.29100000000000004,0.456,0.696,0.000207,5,0.0853,-10.0,1,0.0653,142.156,4,0.508
American Girl,72,214733,0.44799999999999995,0.55,0.8240000000000001,0.000127,2,0.366,-5.9879999999999995,1,0.0334,114.512,4,0.777
Brain Damage,67,226666,0.0726,0.322,0.265,0.34,2,0.366,-13.398,1,0.0302,133.577,4,0.207
Comfortably Numb,75,382296,0.15,0.47200000000000003,0.366,0.308,11,0.0837,-12.595,0,0.0286,127.167,4,0.171
Born to Run,71,269920,0.0050100000000000006,0.27,0.9440000000000001,2.05e-05,4,0.11599999999999999,-4.199,1,0.0975,146.347,4,0.606
Layla - 40th Anniversary Version / 2010 Remastered,74,423840,0.584,0.39399999999999996,0.9179999999999999,0.332,1,0.309,-3.7430000000000003,1,0.0709,115.646,4,0.479
Just What I Needed,69,225626,0.0152,0.619,0.579,6.4e-05,4,0.0858,-9.307,1,0.0473,127.22399999999999,4,0.69
Anarchy In The U.K.,54,211973,0.0422,0.32299999999999995,0.978,0.00018999999999999998,5,0.201,-3.841,1,0.11800000000000001,134.222,4,0.168
American Pie,74,515866,0.6,0.527,0.509,0.0,7,0.14400000000000002,-10.892999999999999,1,0.0628,138.317,4,0.49700000000000005
Aqualung,64,396186,0.0667,0.48,0.47,0.0171,7,0.067,-11.919,0,0.044000000000000004,122.569,4,0.701
Won't Get Fooled Again - Original Album Version,47,511293,0.233,0.685,0.8059999999999999,0.728,2,0.105,-12.151,1,0.0497,134.889,4,0.31
Iron Man - Remastered Version,67,355303,0.00349,0.336,0.792,0.0017800000000000001,9,0.0437,-10.875,1,0.0848,155.588,4,0.425
The Boys Are Back in Town,74,266720,0.23399999999999999,0.445,0.706,0.000252,8,0.205,-9.802999999999999,1,0.0461,80.82300000000001,4,0.768
Walk This Way,71,220400,0.0114,0.653,0.73,1.0300000000000001e-05,5,0.0754,-10.613,1,0.043,108.705,4,0.894
Maggie May - Remastered Version,53,345680,0.7170000000000001,0.62,0.5589999999999999,0.433,2,0.133,-10.568,1,0.0369,129.401,4,0.527
The Joker,75,264503,0.39399999999999996,0.424,0.446,3.78e-06,5,0.16,-9.618,1,0.0525,165.158,4,0.794
We Will Rock You - Remastered,71,122066,0.688,0.6920000000000001,0.488,0.0,11,0.4,-7.282,0,0.10400000000000001,81.4,4,0.51
Walk On the Wild Side,74,254173,0.6829999999999999,0.575,0.318,0.000202,0,0.0934,-16.729,1,0.109,104.522,4,0.385
Brown Sugar,69,228666,0.215,0.6409999999999999,0.927,0.00029,0,0.045,-3.532,1,0.0351,128.606,4,0.966
American Woman - Remastered,65,307493,0.146,0.55,0.726,0.0060799999999999995,2,0.428,-8.51,1,0.0516,92.697,4,0.37
(Don't Fear) The Reaper,76,308120,0.0029,0.33299999999999996,0.927,0.00021099999999999998,9,0.297,-8.55,0,0.0733,141.47,4,0.382
Heart of Gold,60,187013,0.212,0.542,0.444,0.0519,4,0.102,-11.567,0,0.0295,171.71900000000002,4,0.8270000000000001
Running On Empty,68,298093,0.006,0.531,0.948,0.0117,9,0.6940000000000001,-5.438,1,0.0568,136.891,4,0.498
Sultans Of Swing,68,350400,0.0632,0.73,0.868,0.0661,5,0.318,-7.325,1,0.0288,148.217,4,0.9229999999999999
"Rocket Man (I Think It's Going To Be A Long, Long Time)",80,281613,0.386,0.602,0.522,1.4400000000000001e-05,10,0.0941,-9.031,1,0.0285,136.637,4,0.36
Dreams - 2004 Remastered Edition,80,257800,0.0644,0.828,0.49200000000000005,0.00428,0,0.128,-9.744,1,0.0276,120.15100000000001,4,0.789
We Are The Champions - Remastered 2011,67,179200,0.389,0.467,0.486,0.0,10,0.121,-6.645,1,0.0274,95.205,3,0.184
You Ain't Seen Nothing Yet,53,232466,0.000199,0.479,0.512,0.0164,11,0.12300000000000001,-12.462,0,0.0382,118.95299999999999,4,0.795
"Another Brick in the Wall, Pt. 1",63,192145,0.937,0.617,0.0457,0.6409999999999999,0,0.0991,-26.401,1,0.0344,99.48,4,0.0967
Roundabout - Remastered Version,64,510573,0.0682,0.41,0.7609999999999999,0.0077,4,0.0758,-9.453,0,0.0687,132.889,4,0.391
Ramblin' Man,70,288160,0.488,0.309,0.831,0.0030399999999999997,1,0.28600000000000003,-8.288,1,0.036000000000000004,181.145,4,0.934
Fire And Rain,72,200579,0.499,0.611,0.35,7.84e-06,5,0.0844,-14.48,1,0.0356,76.064,4,0.36
My Sweet Lord,78,281226,0.0794,0.5379999999999999,0.7040000000000001,0.0,1,0.0867,-8.904,0,0.0332,120.963,4,0.583
Baba O'Riley,75,300000,0.287,0.494,0.722,0.18600000000000003,5,0.28300000000000003,-8.373,1,0.0347,117.31200000000001,4,0.156
Heart Of Glass - Special Mix,68,275733,0.015,0.6940000000000001,0.5770000000000001,0.00836,4,0.0853,-14.63,1,0.0308,114.478,4,0.845
My Sharona,74,295400,0.0589,0.586,0.7,0.00125,0,0.0318,-9.558,1,0.0363,147.245,4,0.897
Bennie And The Jets - Remastered 2014,73,322548,0.23800000000000002,0.6679999999999999,0.6779999999999999,6.29e-06,0,0.527,-8.015,1,0.0496,132.584,4,0.778
Baby Hold On,57,210826,0.154,0.642,0.6409999999999999,1.23e-06,2,0.0475,-12.444,1,0.049,120.316,4,0.85
Tangled up in Blue,63,341626,0.414,0.42100000000000004,0.6609999999999999,1.16e-06,9,0.0962,-13.126,1,0.0433,100.965,4,0.5539999999999999
Runnin' With The Devil - 2015 Remastered Version,69,214960,0.14800000000000002,0.47200000000000003,0.9,0.000297,8,0.34,-6.406000000000001,0,0.0582,95.82600000000001,4,0.42
2112: Overture / The Temples Of Syrinx / Discovery / Presentation / Oracle / Soliloquy / Grand Finale - Medley,53,1233666,0.0787,0.345,0.795,0.00165,2,0.18,-7.44,1,0.10800000000000001,134.141,4,0.18899999999999997
All the Young Dudes,65,211066,0.20800000000000002,0.429,0.6679999999999999,0.0,4,0.5379999999999999,-7.539,0,0.044000000000000004,77.737,4,0.39799999999999996
All Right Now,52,334000,0.00966,0.7859999999999999,0.48100000000000004,0.0,2,0.0954,-11.235999999999999,1,0.114,119.854,4,0.785
Backstreets,54,390146,0.201,0.225,0.889,0.7340000000000001,7,0.379,-4.371,1,0.0337,96.02,4,0.599
Barracuda,72,261933,0.015,0.547,0.691,0.105,4,0.14400000000000002,-13.552999999999999,0,0.0369,137.148,4,0.667
Ballroom Blitz,59,246573,0.0821,0.644,0.799,0.0015400000000000001,4,0.055,-10.856,0,0.0598,108.382,4,0.889
Black Betty,68,237893,0.018000000000000002,0.465,0.865,0.00135,11,0.0769,-9.573,0,0.098,117.52799999999999,4,0.677
Beast Of Burden - Remastered,73,265173,0.387,0.787,0.877,0.00065,1,0.0387,-3.822,0,0.032,100.61,4,0.8370000000000001
Band On The Run - Remastered 2010,70,313026,0.0832,0.479,0.601,0.0014199999999999998,7,0.11,-8.806000000000001,1,0.0318,124.96600000000001,4,0.669
Breakdown,66,163893,0.39799999999999996,0.625,0.35,6.759999999999999e-05,9,0.12300000000000001,-8.395,0,0.0436,113.68799999999999,4,0.69
Carry on Wayward Son,75,323000,0.00316,0.483,0.7859999999999999,8.859999999999999e-05,7,0.446,-5.735,1,0.0319,126.74799999999999,4,0.7929999999999999
Cat Scratch Fever,63,219400,0.0049,0.5489999999999999,0.9159999999999999,0.12300000000000001,4,0.10400000000000001,-4.185,0,0.034,127.131,4,0.632
Bridge Over Troubled Water,69,293120,0.8220000000000001,0.149,0.20600000000000002,0.0006490000000000001,3,0.115,-13.888,1,0.0323,79.764,4,0.264
Caravan,58,300800,0.294,0.6409999999999999,0.397,0.000717,7,0.0496,-12.285,1,0.0454,81.962,4,0.57
Can't Get Enough - Remastered Version,55,254400,0.132,0.662,0.763,0.0013,0,0.067,-7.475,1,0.0397,126.333,4,0.6990000000000001
Cheap Sunglasses,56,288400,0.14800000000000002,0.617,0.461,0.0151,5,0.12,-14.485,0,0.0434,93.853,4,0.828
China Grove,67,195306,0.319,0.623,0.91,0.00044800000000000005,9,0.081,-8.448,1,0.0384,145.624,4,0.745
Foreplay / Long Time,64,467640,0.00975,0.436,0.657,0.00748,5,0.0931,-8.868,1,0.0541,118.693,4,0.21
Come Sail Away,59,365000,0.16,0.287,0.562,0.0,0,0.10300000000000001,-7.5489999999999995,1,0.0304,147.622,4,0.126
Give A Little Bit,72,248173,0.0694,0.531,0.818,0.0096,2,0.263,-5.358,1,0.0452,90.76700000000001,4,0.47100000000000003